Sintoma,Centralidade_Grau,Centralidade_Intermediação
Dengue Grave,1.0,0.29722222222222217
FEBRE,0.8888888888888888,0.07499999999999998
MIALGIA,0.8888888888888888,0.07499999999999998
CEFALEIA,0.6666666666666666,0.005555555555555556
VOMITO,0.6666666666666666,0.005555555555555556
PETEQUIA_N,0.1111111111111111,0.0
LEUCOPENIA,0.3333333333333333,0.0
DOR_RETRO,0.5555555555555556,0.0
DIABETES,0.4444444444444444,0.0
HIPERTENSA,0.6666666666666666,0.013888888888888888
