Sintoma,Centralidade_Grau,Centralidade_Intermediação
Dengue Grave,1.0,0.4888888888888889
CEFALEIA,0.6666666666666666,0.02222222222222222
VOMITO,0.6666666666666666,0.02222222222222222
LEUCOPENIA,0.16666666666666666,0.0
DOR_RETRO,0.5,0.0
DIABETES,0.3333333333333333,0.0
HIPERTENSA,0.6666666666666666,0.06666666666666667
