Sintoma,Centralidade_Grau,Centralidade_Intermediação
Dengue Grave,1.0,0.03611111111111111
FEBRE,1.0,0.03611111111111111
MIALGIA,1.0,0.03611111111111111
CEFALEIA,1.0,0.03611111111111111
VOMITO,1.0,0.03611111111111111
PETEQUIA_N,0.5555555555555556,0.0
LEUCOPENIA,0.6666666666666666,0.0
DOR_RETRO,0.6666666666666666,0.0
DIABETES,0.6666666666666666,0.0
HIPERTENSA,0.8888888888888888,0.013888888888888888
