Sintoma,Peso Total
FEBRE,2.301418699223528
MIALGIA,2.2894045649479096
CEFALEIA,2.3583297324715233
VOMITO,2.42122725897329
NAUSEA,2.3936654215174595
DOR_COSTAS,2.524740253993846
ARTRITE,2.4092131246976716
PETEQUIA_N,2.4763509338849508
LEUCOPENIA,2.5081530540262937
LACO,0.01591684336815741
DOR_RETRO,2.5318073918030333
DIABETES,2.503945312328959
HEMATOLOG,0.024214808316619575
HEPATOPAT,0.012941016270364456
RENAL,0.03676801681124271
HIPERTENSA,2.3703764077353195
AUTO_IMUNE,0.023121890583809743
